{
  "mse": 0.945404589176178,
  "mae": 0.7860910296440125,
  "r2": 0.10168623924255371
}